Id,Name,UserId
61a8256ecb146895e1d5a953,yUGI,61a02683a1ea1b1d68a6ab84
61a82d5ccb146895e1d5a976,Magic1,61a02683a1ea1b1d68a6ab84
61acf2060d2654dfea7a0515,Aggron,61a6cb0da3836577f44f0674
61a8256ecb146895e1d5a953,yUGI,61a02683a1ea1b1d68a6ab84
61a82d5ccb146895e1d5a976,Magic1,61a02683a1ea1b1d68a6ab84
61acf2060d2654dfea7a0515,Aggron,61a6cb0da3836577f44f0674
61a8256ecb146895e1d5a953,yUGI,61a02683a1ea1b1d68a6ab84
61a82d5ccb146895e1d5a976,Magic1,61a02683a1ea1b1d68a6ab84
61acf2060d2654dfea7a0515,Aggron,61a6cb0da3836577f44f0674
61a8256ecb146895e1d5a953,yUGI,61a02683a1ea1b1d68a6ab84
61a82d5ccb146895e1d5a976,Magic1,61a02683a1ea1b1d68a6ab84
61acf2060d2654dfea7a0515,Aggron,61a6cb0da3836577f44f0674
61a8256ecb146895e1d5a953,yUGI,61a02683a1ea1b1d68a6ab84
61a82d5ccb146895e1d5a976,Magic1,61a02683a1ea1b1d68a6ab84
61acf2060d2654dfea7a0515,Aggron,61a6cb0da3836577f44f0674
61a8256ecb146895e1d5a953,yUGI,61a02683a1ea1b1d68a6ab84
61a82d5ccb146895e1d5a976,Magic1,61a02683a1ea1b1d68a6ab84
61acf2060d2654dfea7a0515,Aggron,61a6cb0da3836577f44f0674
61a8256ecb146895e1d5a953,yUGI,61a02683a1ea1b1d68a6ab84
61a82d5ccb146895e1d5a976,Magic1,61a02683a1ea1b1d68a6ab84
61acf2060d2654dfea7a0515,Aggron,61a6cb0da3836577f44f0674
61a8256ecb146895e1d5a953,yUGI,61a02683a1ea1b1d68a6ab84
61a82d5ccb146895e1d5a976,Magic1,61a02683a1ea1b1d68a6ab84
61acf2060d2654dfea7a0515,Aggron,61a6cb0da3836577f44f0674
61a8256ecb146895e1d5a953,yUGI,61a02683a1ea1b1d68a6ab84
61a82d5ccb146895e1d5a976,Magic1,61a02683a1ea1b1d68a6ab84
61acf2060d2654dfea7a0515,Aggron,61a6cb0da3836577f44f0674
61a8256ecb146895e1d5a953,yUGI,61a02683a1ea1b1d68a6ab84
61a82d5ccb146895e1d5a976,Magic1,61a02683a1ea1b1d68a6ab84
61acf2060d2654dfea7a0515,Aggron,61a6cb0da3836577f44f0674
61a8256ecb146895e1d5a953,yUGI,61a02683a1ea1b1d68a6ab84
61a82d5ccb146895e1d5a976,Magic1,61a02683a1ea1b1d68a6ab84
61acf2060d2654dfea7a0515,Aggron,61a6cb0da3836577f44f0674
61a8256ecb146895e1d5a953,yUGI,61a02683a1ea1b1d68a6ab84
61a82d5ccb146895e1d5a976,Magic1,61a02683a1ea1b1d68a6ab84
61acf2060d2654dfea7a0515,Aggron,61a6cb0da3836577f44f0674
